사용월,호선명,역ID,지하철역,유임승차,유임하차,무임승차,무임하차,작업일시
2021-01,1호선,1,서울역,"731,660","678,117","127,534","118,937",2021-02-03 09:49:34
2021-01,1호선,10,동묘앞,"98,645","105,308","113,919","115,644",2021-02-03 09:49:34
2021-01,1호선,2,시청,"371,942","366,139","46,231","43,433",2021-02-03 09:49:34
2021-01,1호선,3,종각,"598,363","567,563","84,544","78,565",2021-02-03 09:49:34
2021-01,1호선,4,종로3가,"313,943","281,737","187,603","175,431",2021-02-03 09:49:34
2021-01,1호선,5,종로5가,"292,654","292,561","174,460","166,963",2021-02-03 09:49:34
2021-01,1호선,6,동대문,"168,863","158,577","84,638","83,489",2021-02-03 09:49:34
2021-01,1호선,7,신설동,"219,283","218,343","82,995","79,139",2021-02-03 09:49:34
2021-01,1호선,8,제기동,"195,353","192,588","204,956","219,996",2021-02-03 09:49:34
2021-01,1호선,9,청량리(서울시립대입구),"266,539","264,050","205,089","206,452",2021-02-03 09:49:34
2021-01,2호선,11,시청,"432,828","412,117","34,283","29,974",2021-02-03 09:49:34
2021-01,2호선,12,을지로입구,"739,976","744,333","66,638","62,076",2021-02-03 09:49:34
2021-01,2호선,13,을지로3가,"373,645","363,847","51,829","49,872",2021-02-03 09:49:34
2021-01,2호선,14,을지로4가,"205,245","201,486","73,038","72,596",2021-02-03 09:49:34
2021-01,2호선,15,동대문역사문화공원(DDP),"209,129","235,813","36,571","37,954",2021-02-03 09:49:34
2021-01,2호선,16,신당,"239,931","249,701","68,625","70,543",2021-02-03 09:49:34
2021-01,2호선,17,상왕십리,"259,608","253,994","44,134","44,654",2021-02-03 09:49:34
2021-01,2호선,18,왕십리(성동구청),"300,199","251,270","35,652","31,118",2021-02-03 09:49:34
2021-01,2호선,19,한양대,"129,871","132,547","8,498","8,676",2021-02-03 09:49:34
2021-01,2호선,20,뚝섬,"394,955","422,853","39,132","39,743",2021-02-03 09:49:34
2021-01,2호선,21,성수,"644,705","700,437","75,727","77,354",2021-02-03 09:49:34
2021-01,2호선,22,건대입구,"690,331","738,443","60,055","62,779",2021-02-03 09:49:34
2021-01,2호선,23,구의(광진구청),"447,681","445,682","70,771","73,212",2021-02-03 09:49:34
2021-01,2호선,24,강변(동서울터미널),"577,923","571,129","71,782","69,627",2021-02-03 09:49:34
2021-01,2호선,25,잠실나루,"243,129","235,661","52,649","52,643",2021-02-03 09:49:34
2021-01,2호선,26,잠실(송파구청),"1,292,398","1,272,320","116,298","111,414",2021-02-03 09:49:34
2021-01,2호선,27,잠실새내,"384,354","386,088","65,709","65,713",2021-02-03 09:49:34
2021-01,2호선,28,종합운동장,"114,173","124,450","21,269","21,935",2021-02-03 09:49:34
2021-01,2호선,29,삼성(무역센터),"966,500","966,030","73,290","66,052",2021-02-03 09:49:34
2021-01,2호선,30,선릉,"1,004,723","890,186","147,715","130,905",2021-02-03 09:49:34
2021-01,2호선,31,역삼,"935,413","1,006,625","101,878","100,568",2021-02-03 09:49:34
2021-01,2호선,32,강남,"1,614,913","1,568,467","119,946","106,612",2021-02-03 09:49:34
2021-01,2호선,33,교대(법원.검찰청),"608,706","673,289","95,239","104,692",2021-02-03 09:49:34
2021-01,2호선,34,서초,"392,513","378,940","47,219","46,431",2021-02-03 09:49:34
2021-01,2호선,35,방배,"309,626","324,495","47,907","47,201",2021-02-03 09:49:34
2021-01,2호선,36,사당,"664,395","731,174","110,553","105,547",2021-02-03 09:49:34
2021-01,2호선,37,낙성대(강감찬),"537,010","525,926","71,271","72,698",2021-02-03 09:49:34
2021-01,2호선,38,서울대입구(관악구청),"916,421","908,537","124,673","119,606",2021-02-03 09:49:34
2021-01,2호선,39,봉천,"441,557","415,434","95,201","96,589",2021-02-03 09:49:34
2021-01,2호선,40,신림,"1,281,911","1,254,764","151,505","154,637",2021-02-03 09:49:34
2021-01,2호선,41,신대방,"506,260","495,665","82,607","84,277",2021-02-03 09:49:34
2021-01,2호선,42,구로디지털단지,"1,202,451","1,207,150","114,985","117,229",2021-02-03 09:49:34
2021-01,2호선,43,대림(구로구청),"477,503","488,106","79,442","82,145",2021-02-03 09:49:34
2021-01,2호선,44,신도림,"943,900","919,655","128,882","121,901",2021-02-03 09:49:34
2021-01,2호선,45,문래,"394,529","402,872","51,177","50,609",2021-02-03 09:49:34
2021-01,2호선,46,영등포구청,"424,895","431,204","70,049","69,599",2021-02-03 09:49:34
2021-01,2호선,47,당산,"354,226","404,529","39,341","42,949",2021-02-03 09:49:34
2021-01,2호선,48,합정,"597,755","620,411","44,692","43,856",2021-02-03 09:49:34
2021-01,2호선,49,홍대입구,"1,000,621","1,034,537","63,651","60,858",2021-02-03 09:49:34
2021-01,2호선,50,신촌,"599,460","616,923","81,029","78,159",2021-02-03 09:49:34
2021-01,2호선,51,이대,"214,493","223,649","27,825","28,659",2021-02-03 09:49:34
2021-01,2호선,52,아현,"175,420","171,680","44,199","43,896",2021-02-03 09:49:34
2021-01,2호선,53,충정로(경기대입구),"178,071","184,873","33,208","33,018",2021-02-03 09:49:34
2021-01,2호선,54,용답,"44,853","45,447","13,014","12,219",2021-02-03 09:49:34
2021-01,2호선,55,신답,"26,719","31,907","6,958","7,408",2021-02-03 09:49:34
2021-01,2호선,56,신설동,"55,761","53,829","24,645","26,703",2021-02-03 09:49:34
2021-01,2호선,57,도림천,"25,993","26,728","5,278","5,475",2021-02-03 09:49:34
2021-01,2호선,58,양천구청,"113,614","123,799","29,729","30,349",2021-02-03 09:49:34
2021-01,2호선,59,신정네거리,"168,807","179,006","46,652","48,070",2021-02-03 09:49:34
2021-01,2호선,60,용두(동대문구청),"36,081","37,287","17,062","18,261",2021-02-03 09:49:34
2021-01,3호선,61,지축,"63,031","62,660","11,032","11,267",2021-02-03 09:49:34
2021-01,3호선,62,구파발,"366,499","351,386","73,755","70,699",2021-02-03 09:49:34
2021-01,3호선,63,연신내,"658,531","625,911","173,208","168,433",2021-02-03 09:49:34
2021-01,3호선,64,불광,"269,858","293,710","91,075","99,525",2021-02-03 09:49:34
2021-01,3호선,65,녹번,"272,505","249,145","49,385","49,064",2021-02-03 09:49:34
2021-01,3호선,66,홍제,"280,971","271,456","94,291","93,637",2021-02-03 09:49:34
2021-01,3호선,67,무악재,"66,821","67,817","18,591","20,343",2021-02-03 09:49:34
2021-01,3호선,68,독립문,"102,792","110,609","45,480","44,861",2021-02-03 09:49:34
2021-01,3호선,69,경복궁(정부서울청사),"325,289","318,568","47,208","44,064",2021-02-03 09:49:34
2021-01,3호선,70,안국,"324,138","330,695","40,255","40,490",2021-02-03 09:49:34
2021-01,3호선,71,종로3가,"155,704","183,202","37,701","41,475",2021-02-03 09:49:34
2021-01,3호선,72,을지로3가,"176,303","181,894","38,228","37,099",2021-02-03 09:49:34
2021-01,3호선,73,충무로,24,0,0,0,2021-02-03 09:49:34
2021-01,3호선,74,동대입구,"133,321","139,817","19,526","21,309",2021-02-03 09:49:34
2021-01,3호선,75,약수,"224,959","221,762","53,393","51,065",2021-02-03 09:49:34
2021-01,3호선,76,금호,"144,847","137,631","36,088","36,122",2021-02-03 09:49:34
2021-01,3호선,77,옥수,"157,074","167,915","38,168","38,656",2021-02-03 09:49:34
2021-01,3호선,78,압구정,"624,568","655,951","85,360","82,496",2021-02-03 09:49:34
2021-01,3호선,79,신사,"646,393","663,226","51,224","48,478",2021-02-03 09:49:34
2021-01,3호선,80,잠원,"81,211","81,735","19,004","18,327",2021-02-03 09:49:34
2021-01,3호선,81,고속터미널,"814,493","788,444","105,146","99,960",2021-02-03 09:49:34
2021-01,3호선,82,교대(법원.검찰청),"246,468","161,608","40,722","25,876",2021-02-03 09:49:34
2021-01,3호선,83,남부터미널(예술의전당),"565,088","574,331","73,823","73,482",2021-02-03 09:49:34
2021-01,3호선,84,양재(서초구청),"721,553","772,578","90,660","90,865",2021-02-03 09:49:34
2021-01,3호선,85,매봉,"226,778","216,526","38,722","35,704",2021-02-03 09:49:34
2021-01,3호선,86,도곡,"97,914","100,793","18,399","16,724",2021-02-03 09:49:34
2021-01,3호선,87,대치,"205,066","198,837","39,741","38,119",2021-02-03 09:49:34
2021-01,3호선,88,학여울,"29,356","30,215","8,787","8,372",2021-02-03 09:49:34
2021-01,3호선,89,대청,"167,675","154,805","37,496","36,068",2021-02-03 09:49:34
2021-01,3호선,90,일원,"168,216","165,940","39,902","39,614",2021-02-03 09:49:34
2021-01,3호선,91,수서,"277,753","287,095","65,207","65,003",2021-02-03 09:49:34
2021-01,3호선,92,가락시장,"148,272","145,920","52,552","50,850",2021-02-03 09:49:34
2021-01,3호선,93,경찰병원,"139,709","140,766","28,501","29,415",2021-02-03 09:49:34
2021-01,3호선,94,오금,"116,271","106,110","17,816","17,009",2021-02-03 09:49:34
2021-01,4호선,100,수유(강북구청),"637,363","637,524","130,773","131,081",2021-02-03 09:49:34
2021-01,4호선,101,미아(서울사이버대학),"255,126","248,119","76,131","78,448",2021-02-03 09:49:34
2021-01,4호선,102,미아사거리,"496,245","491,297","123,057","122,670",2021-02-03 09:49:34
2021-01,4호선,103,길음,"359,948","354,134","73,734","74,467",2021-02-03 09:49:34
2021-01,4호선,104,성신여대입구(돈암),"376,624","365,415","55,955","54,124",2021-02-03 09:49:34
2021-01,4호선,105,한성대입구(삼선교),"238,663","237,049","47,523","47,218",2021-02-03 09:49:34
2021-01,4호선,106,혜화,"554,340","547,142","86,695","84,183",2021-02-03 09:49:34
2021-01,4호선,107,동대문,"315,425","328,324","98,966","96,580",2021-02-03 09:49:34
2021-01,4호선,108,동대문역사문화공원(DDP),"280,823","259,955","38,604","34,924",2021-02-03 09:49:34
2021-01,4호선,109,충무로,"456,689","467,343","80,017","80,230",2021-02-03 09:49:34
2021-01,4호선,110,명동,"315,014","324,203","35,432","35,682",2021-02-03 09:49:34
2021-01,4호선,111,회현(남대문시장),"377,033","392,458","101,746","101,040",2021-02-03 09:49:34
2021-01,4호선,112,서울역,"192,863","276,071","25,082","28,233",2021-02-03 09:49:34
2021-01,4호선,113,숙대입구(갈월),"228,252","227,776","34,634","32,391",2021-02-03 09:49:34
2021-01,4호선,114,삼각지,"81,946","91,451","15,123","15,741",2021-02-03 09:49:34
2021-01,4호선,115,신용산,"287,548","298,648","34,119","33,822",2021-02-03 09:49:34
2021-01,4호선,116,이촌(국립중앙박물관),"119,552","135,412","26,941","29,026",2021-02-03 09:49:34
2021-01,4호선,117,동작(현충원),"36,227","39,267","16,911","16,084",2021-02-03 09:49:34
2021-01,4호선,118,총신대입구(이수),"322,093","353,471","95,719","101,317",2021-02-03 09:49:34
2021-01,4호선,119,사당,"465,776","389,160","51,812","51,122",2021-02-03 09:49:34
2021-01,4호선,120,남태령,"20,212","16,749","5,749","5,433",2021-02-03 09:49:34
2021-01,4호선,95,당고개,"216,576","198,611","59,964","58,990",2021-02-03 09:49:34
2021-01,4호선,96,상계,"344,373","320,174","79,717","78,508",2021-02-03 09:49:34
2021-01,4호선,97,노원,"360,802","408,021","58,353","57,568",2021-02-03 09:49:34
2021-01,4호선,98,창동,"442,013","475,855","133,111","138,912",2021-02-03 09:49:34
2021-01,4호선,99,쌍문,"551,263","507,909","107,402","106,731",2021-02-03 09:49:34
2021-01,경부선,121,서울역,"102,009","31,498","5,341","1,367",2021-02-03 09:49:34
2021-01,경부선,122,남영,"169,761","179,016","24,868","25,993",2021-02-03 09:49:34
2021-01,경부선,123,용산,"614,033","613,105","77,844","76,943",2021-02-03 09:49:34
2021-01,경부선,124,노량진,"155,744","163,575","26,781","25,927",2021-02-03 09:49:34
2021-01,경부선,125,대방,"228,257","239,558","42,462","41,859",2021-02-03 09:49:34
2021-01,경부선,126,영등포,"720,326","740,616","142,238","141,614",2021-02-03 09:49:34
2021-01,경부선,127,신도림,"67,893","65,998","15,732","17,292",2021-02-03 09:49:34
2021-01,경부선,151,신길,"174,859","144,857","28,130","25,902",2021-02-03 09:49:34
2021-01,경부선,249,구로,"347,869","356,085","65,094","63,193",2021-02-03 09:49:34
2021-01,경부선,250,가산디지털단지,"338,875","403,888","23,617","25,976",2021-02-03 09:49:34
2021-01,경부선,251,금천구청,"205,869","206,425","50,256","51,192",2021-02-03 09:49:34
2021-01,경부선,252,석수,"188,084","168,560","32,589","31,318",2021-02-03 09:49:34
2021-01,경부선,253,관악,"128,299","120,450","33,740","32,220",2021-02-03 09:49:34
2021-01,경부선,254,안양,"394,919","395,416","71,745","74,512",2021-02-03 09:49:34
2021-01,경부선,255,명학,"167,985","167,050","28,329","27,894",2021-02-03 09:49:34
2021-01,경부선,256,금정,"500,025","517,097","73,415","75,067",2021-02-03 09:49:34
2021-01,경부선,257,군포,"145,506","145,375","26,687","26,220",2021-02-03 09:49:34
2021-01,경부선,258,의왕,"161,668","162,250","27,782","27,707",2021-02-03 09:49:34
2021-01,경부선,259,성균관대,"266,216","268,712","33,337","33,567",2021-02-03 09:49:34
2021-01,경부선,260,화서,"131,346","129,005","25,099","24,723",2021-02-03 09:49:34
2021-01,경부선,261,수원,"673,460","711,510","83,815","86,993",2021-02-03 09:49:34
2021-01,경부선,262,독산,"319,881","339,016","44,598","46,219",2021-02-03 09:49:34
2021-01,경부선,263,세류,"56,519","53,982","9,242","9,276",2021-02-03 09:49:34
2021-01,경부선,264,병점,"255,759","257,400","35,845","35,297",2021-02-03 09:49:34
2021-01,경부선,265,세마,"46,365","42,943","9,023","8,228",2021-02-03 09:49:34
2021-01,경부선,266,오산대,"56,858","51,212","9,434","9,145",2021-02-03 09:49:34
2021-01,경부선,267,오산,"184,697","184,776","27,286","28,150",2021-02-03 09:49:34
2021-01,경부선,268,진위,"29,413","25,420","4,459","4,072",2021-02-03 09:49:34
2021-01,경부선,269,송탄,"79,543","76,906","13,279","13,029",2021-02-03 09:49:34
2021-01,경부선,270,서정리,"114,385","113,166","17,391","16,998",2021-02-03 09:49:34
2021-01,경부선,271,지제,"56,943","53,383","6,093","5,645",2021-02-03 09:49:34
2021-01,경부선,272,평택,"221,376","218,543","38,455","37,109",2021-02-03 09:49:34
2021-01,경부선,273,성환,"56,749","57,011","11,510","11,810",2021-02-03 09:49:34
2021-01,경부선,274,직산,"13,184","13,502","2,668","2,540",2021-02-03 09:49:34
2021-01,경부선,275,두정,"96,655","97,955","13,157","13,473",2021-02-03 09:49:34
2021-01,경부선,276,천안,"82,593","84,660","28,278","28,490",2021-02-03 09:49:34
2021-01,경부선,277,당정,"112,971","108,498","18,747","18,374",2021-02-03 09:49:34
2021-01,경부선,278,서동탄,"27,254","22,890","5,364","5,367",2021-02-03 09:49:34
2021-01,경부선,279,광명,"62,664","53,435","5,431","5,036",2021-02-03 09:49:34
2021-01,경인선,293,개봉,"374,089","389,612","99,108","104,023",2021-02-03 09:49:34
2021-01,경인선,294,오류동,"201,374","192,437","59,495","58,503",2021-02-03 09:49:34
2021-01,경인선,295,역곡,"490,370","489,682","101,740","104,043",2021-02-03 09:49:34
2021-01,경인선,296,부천,"606,190","610,001","141,534","142,600",2021-02-03 09:49:34
2021-01,경인선,297,송내,"513,394","513,354","75,565","74,641",2021-02-03 09:49:34
2021-01,경인선,298,부평,"589,621","626,794","95,302","96,875",2021-02-03 09:49:34
2021-01,경인선,299,백운,"116,849","115,250","38,474","39,202",2021-02-03 09:49:34
2021-01,경인선,300,동암,"281,147","284,891","63,550","63,919",2021-02-03 09:49:34
2021-01,경인선,301,주안,"354,511","324,264","57,221","52,206",2021-02-03 09:49:34
2021-01,경인선,302,제물포,"174,851","166,983","41,820","41,615",2021-02-03 09:49:34
2021-01,경인선,303,동인천,"228,112","217,017","75,257","72,658",2021-02-03 09:49:34
2021-01,경인선,304,인천,"52,289","35,963","20,415","18,937",2021-02-03 09:49:34
2021-01,경인선,305,구일,"103,674","108,496","27,392","27,143",2021-02-03 09:49:34
2021-01,경인선,306,소사,"165,375","156,241","42,979","41,423",2021-02-03 09:49:34
2021-01,경인선,307,부개,"144,274","136,386","40,254","40,147",2021-02-03 09:49:34
2021-01,경인선,308,간석,"97,044","92,563","28,286","27,671",2021-02-03 09:49:34
2021-01,경인선,309,도원,"38,371","39,033","20,625","21,714",2021-02-03 09:49:34
2021-01,경인선,310,온수(성공회대입구),"107,739","106,315","30,477","30,321",2021-02-03 09:49:34
2021-01,경인선,311,중동,"154,419","145,677","43,496","43,047",2021-02-03 09:49:34
2021-01,경인선,312,도화,"64,409","58,711","25,532","24,854",2021-02-03 09:49:34
2021-01,경원선,128,이촌(국립중앙박물관),"64,027","49,272","17,370","14,291",2021-02-03 09:49:34
2021-01,경원선,129,서빙고,"29,747","27,911","10,128","9,354",2021-02-03 09:49:34
2021-01,경원선,130,한남,"71,960","67,674","19,385","18,162",2021-02-03 09:49:34
2021-01,경원선,131,옥수,"1,040",669,61,55,2021-02-03 09:49:34
2021-01,경원선,132,응봉,"27,951","23,953","11,222","10,128",2021-02-03 09:49:34
2021-01,경원선,133,왕십리(성동구청),"247,857","286,848","38,572","41,851",2021-02-03 09:49:34
2021-01,경원선,134,청량리(서울시립대입구),"221,213","235,538","98,548","105,599",2021-02-03 09:49:34
2021-01,경원선,136,외대앞,"127,751","127,748","32,304","32,565",2021-02-03 09:49:34
2021-01,경원선,137,신이문,"144,165","133,510","45,876","44,734",2021-02-03 09:49:34
2021-01,경원선,138,석계,"136,148","156,495","40,883","43,258",2021-02-03 09:49:34
2021-01,경원선,139,광운대,"135,055","130,135","36,022","35,601",2021-02-03 09:49:34
2021-01,경원선,140,월계,"92,259","88,234","41,627","40,123",2021-02-03 09:49:34
2021-01,경원선,141,녹천,"77,837","65,614","25,821","23,403",2021-02-03 09:49:34
2021-01,경원선,142,창동,8,0,0,0,2021-02-03 09:49:34
2021-01,경원선,358,방학,"136,619","134,028","70,885","70,991",2021-02-03 09:49:34
2021-01,경원선,359,도봉,"85,123","81,210","47,664","47,460",2021-02-03 09:49:34
2021-01,경원선,360,도봉산,"111,948","56,309","75,669","58,428",2021-02-03 09:49:34
2021-01,경원선,361,망월사,"106,143","111,055","44,813","46,401",2021-02-03 09:49:34
2021-01,경원선,362,회룡,"175,034","175,280","91,460","92,381",2021-02-03 09:49:34
2021-01,경원선,363,의정부,"334,852","341,983","70,961","71,014",2021-02-03 09:49:34
2021-01,경원선,364,가능,"102,463","99,414","36,425","36,473",2021-02-03 09:49:34
2021-01,경원선,365,녹양,"74,365","71,146","23,403","22,754",2021-02-03 09:49:34
2021-01,경원선,366,양주,"124,744","118,685","32,792","32,369",2021-02-03 09:49:34
2021-01,경원선,367,덕계,"44,184","39,683","13,322","12,865",2021-02-03 09:49:34
2021-01,경원선,368,덕정,"90,887","89,585","21,564","21,706",2021-02-03 09:49:34
2021-01,경원선,369,지행,"103,960","102,192","28,163","28,241",2021-02-03 09:49:34
2021-01,경원선,370,동두천중앙,"43,346","42,479","22,447","22,072",2021-02-03 09:49:34
2021-01,경원선,371,보산,"23,659","22,129","9,150","8,829",2021-02-03 09:49:34
2021-01,경원선,372,동두천,"26,341","30,033","13,756","16,278",2021-02-03 09:49:34
2021-01,경원선,373,소요산,"21,105","16,051","38,785","35,334",2021-02-03 09:49:34
2021-01,안산선,280,산본,"286,297","300,982","60,675","59,718",2021-02-03 09:49:34
2021-01,안산선,281,대야미,"88,944","80,188","19,075","17,778",2021-02-03 09:49:34
2021-01,안산선,282,반월,"75,306","72,361","18,705","18,419",2021-02-03 09:49:34
2021-01,안산선,283,상록수,"310,734","313,975","45,291","46,650",2021-02-03 09:49:34
2021-01,안산선,284,한대앞,"157,764","158,108","27,408","27,973",2021-02-03 09:49:34
2021-01,안산선,285,중앙,"334,997","347,928","35,087","34,525",2021-02-03 09:49:34
2021-01,안산선,286,고잔,"164,434","157,429","22,116","21,559",2021-02-03 09:49:34
2021-01,안산선,287,초지,"85,867","87,400","9,565","9,564",2021-02-03 09:49:34
2021-01,안산선,288,안산,"262,023","240,576","26,396","23,991",2021-02-03 09:49:34
2021-01,안산선,289,신길온천,"30,769","28,173","5,992","5,834",2021-02-03 09:49:34
2021-01,안산선,290,정왕,"153,557","164,095","16,705","18,047",2021-02-03 09:49:34
2021-01,안산선,291,오이도,"165,988","162,594","21,320","20,943",2021-02-03 09:49:34
2021-01,안산선,292,수리산,"70,598","57,257","21,053","20,202",2021-02-03 09:49:34
2021-01,과천선,230,선바위,"155,213","137,584","19,782","19,445",2021-02-03 09:49:34
2021-01,과천선,231,경마공원,"20,413","20,644","6,084","5,747",2021-02-03 09:49:34
2021-01,과천선,232,대공원,"26,467","29,045","22,491","23,345",2021-02-03 09:49:34
2021-01,과천선,233,과천,"94,351","87,144","24,426","23,303",2021-02-03 09:49:34
2021-01,과천선,234,정부과천청사,"169,508","168,862","29,290","28,607",2021-02-03 09:49:34
2021-01,과천선,235,인덕원,"448,940","466,907","64,604","66,589",2021-02-03 09:49:34
2021-01,과천선,236,평촌,"343,003","338,993","41,547","41,004",2021-02-03 09:49:34
2021-01,과천선,237,범계,"494,237","480,931","64,584","63,325",2021-02-03 09:49:34
2021-01,분당선,143,선릉,"253,808","368,548","29,334","36,903",2021-02-03 09:49:34
2021-01,분당선,144,한티,"275,205","285,639","42,153","43,150",2021-02-03 09:49:34
2021-01,분당선,145,도곡,"114,507","113,984","27,240","26,348",2021-02-03 09:49:34
2021-01,분당선,146,구룡,"25,567","25,549","8,692","8,557",2021-02-03 09:49:34
2021-01,분당선,147,개포동,"63,346","66,047","13,380","13,468",2021-02-03 09:49:34
2021-01,분당선,148,대모산입구,"57,758","53,196","18,872","18,465",2021-02-03 09:49:34
2021-01,분당선,149,수서,"234,351","244,550","39,865","40,830",2021-02-03 09:49:34
2021-01,분당선,150,복정,9,0,1,0,2021-02-03 09:49:34
2021-01,분당선,313,수원,"159,860","130,337","20,244","16,884",2021-02-03 09:49:34
2021-01,분당선,314,서울숲,"167,296","169,355","16,916","16,473",2021-02-03 09:49:34
2021-01,분당선,315,압구정로데오,"383,333","404,446","31,981","30,688",2021-02-03 09:49:34
2021-01,분당선,316,강남구청,"179,869","204,737","24,064","26,356",2021-02-03 09:49:34
2021-01,분당선,317,선정릉,"152,916","161,379","17,957","17,419",2021-02-03 09:49:34
2021-01,분당선,318,가천대,"125,826","147,435","17,707","18,821",2021-02-03 09:49:34
2021-01,분당선,319,태평,"255,491","245,721","62,215","65,580",2021-02-03 09:49:34
2021-01,분당선,320,모란,"357,368","349,568","106,667","115,159",2021-02-03 09:49:34
2021-01,분당선,321,야탑,"480,746","503,770","94,639","93,926",2021-02-03 09:49:34
2021-01,분당선,322,서현,"477,437","485,210","76,505","74,067",2021-02-03 09:49:34
2021-01,분당선,323,수내,"247,690","249,033","47,119","45,165",2021-02-03 09:49:34
2021-01,분당선,324,정자,"318,084","335,560","42,350","42,258",2021-02-03 09:49:34
2021-01,분당선,325,미금,"275,538","292,071","68,357","70,992",2021-02-03 09:49:34
2021-01,분당선,326,오리,"213,822","181,935","48,911","42,572",2021-02-03 09:49:34
2021-01,분당선,327,이매,"93,510","90,961","23,926","23,016",2021-02-03 09:49:34
2021-01,분당선,328,보정,"39,289","33,980","11,675","11,107",2021-02-03 09:49:34
2021-01,분당선,329,죽전,"249,461","275,905","41,189","44,522",2021-02-03 09:49:34
2021-01,분당선,330,구성,"84,457","89,777","21,121","21,497",2021-02-03 09:49:34
2021-01,분당선,331,신갈,"80,568","80,675","16,161","16,373",2021-02-03 09:49:34
2021-01,분당선,332,기흥,"181,506","174,151","26,098","25,098",2021-02-03 09:49:34
2021-01,분당선,333,상갈,"100,284","98,624","18,498","18,051",2021-02-03 09:49:34
2021-01,분당선,334,청명,"79,627","76,561","11,725","11,861",2021-02-03 09:49:34
2021-01,분당선,335,영통,"162,329","164,467","18,377","18,361",2021-02-03 09:49:34
2021-01,분당선,336,망포,"285,148","276,612","23,481","22,963",2021-02-03 09:49:34
2021-01,분당선,337,매탄권선,"92,629","89,344","11,762","11,391",2021-02-03 09:49:34
2021-01,분당선,338,수원시청,"254,711","269,199","26,071","25,933",2021-02-03 09:49:34
2021-01,분당선,339,매교,"48,058","49,217","11,245","11,867",2021-02-03 09:49:34
2021-01,일산선,374,원흥,"164,251","157,886","35,416","34,177",2021-02-03 09:49:34
2021-01,일산선,375,지축,2,0,0,0,2021-02-03 09:49:34
2021-01,일산선,376,삼송,"331,046","326,676","62,669","63,118",2021-02-03 09:49:34
2021-01,일산선,377,원당,"186,535","180,079","51,339","50,401",2021-02-03 09:49:34
2021-01,일산선,378,화정,"290,653","304,325","74,312","75,848",2021-02-03 09:49:34
2021-01,일산선,379,대곡,"29,641","20,912","5,973","5,461",2021-02-03 09:49:34
2021-01,일산선,380,백석,"175,227","178,306","47,240","46,685",2021-02-03 09:49:34
2021-01,일산선,381,마두,"115,916","121,519","39,093","40,186",2021-02-03 09:49:34
2021-01,일산선,382,정발산,"126,173","126,863","29,648","27,390",2021-02-03 09:49:34
2021-01,일산선,383,주엽,"132,104","132,025","51,753","52,356",2021-02-03 09:49:34
2021-01,일산선,384,대화,"225,932","182,317","46,073","43,967",2021-02-03 09:49:34
2021-01,중앙선,135,회기,"413,079","403,944","82,104","80,586",2021-02-03 09:49:34
2021-01,중앙선,152,중랑,"88,374","85,299","32,911","32,632",2021-02-03 09:49:34
2021-01,중앙선,153,상봉(시외버스터미널),"101,935","104,085","26,748","26,564",2021-02-03 09:49:34
2021-01,중앙선,154,망우,"119,153","117,716","45,491","46,642",2021-02-03 09:49:34
2021-01,중앙선,155,양원,"20,730","21,082","9,781","9,719",2021-02-03 09:49:34
2021-01,중앙선,156,구리,"236,581","245,042","54,867","55,259",2021-02-03 09:49:34
2021-01,중앙선,157,도농,"169,796","158,323","38,282","37,255",2021-02-03 09:49:34
2021-01,중앙선,158,양정,"11,604","9,672","4,423","3,948",2021-02-03 09:49:34
2021-01,중앙선,159,덕소,"91,503","91,806","30,070","30,576",2021-02-03 09:49:34
2021-01,중앙선,160,도심,"40,021","31,291","11,511","10,803",2021-02-03 09:49:34
2021-01,중앙선,161,팔당,"16,786","17,253","5,278","5,287",2021-02-03 09:49:34
2021-01,중앙선,162,운길산,"11,214","10,058","5,740","5,462",2021-02-03 09:49:34
2021-01,중앙선,163,양수,"24,279","24,136","11,584","11,769",2021-02-03 09:49:34
2021-01,중앙선,164,신원,"2,556","2,162","2,104","1,799",2021-02-03 09:49:34
2021-01,중앙선,165,국수,"8,515","8,717","5,393","5,439",2021-02-03 09:49:34
2021-01,중앙선,166,아신,"7,474","7,560","3,053","3,051",2021-02-03 09:49:34
2021-01,중앙선,167,오빈,"3,623","3,419","2,135","2,227",2021-02-03 09:49:34
2021-01,중앙선,168,양평,"38,720","37,894","16,674","16,687",2021-02-03 09:49:34
2021-01,중앙선,169,원덕,"3,504","3,242","3,017","2,905",2021-02-03 09:49:34
2021-01,중앙선,170,용문,"18,880","19,008","18,177","18,107",2021-02-03 09:49:34
2021-01,중앙선,171,지평,505,581,604,487,2021-02-03 09:49:34
2021-01,장항선,224,봉명,"18,402","17,673","7,001","6,825",2021-02-03 09:49:34
2021-01,장항선,225,쌍용(나사렛대),"31,984","29,666","7,168","6,706",2021-02-03 09:49:34
2021-01,장항선,226,아산,"54,298","48,453","7,069","6,636",2021-02-03 09:49:34
2021-01,장항선,227,배방,"17,150","16,493","3,976","3,936",2021-02-03 09:49:34
2021-01,장항선,228,온양온천,"53,634","53,183","27,753","28,048",2021-02-03 09:49:34
2021-01,장항선,229,신창(순천향대),"17,060","16,975","4,066","3,715",2021-02-03 09:49:34
2021-01,경의선,173,신촌,"13,625","15,892","2,349","2,454",2021-02-03 09:49:34
2021-01,경의선,174,효창공원앞,"51,862","60,783","9,747","10,484",2021-02-03 09:49:34
2021-01,경의선,176,서강대,"35,414","34,041","6,966","6,562",2021-02-03 09:49:34
2021-01,경의선,178,가좌,"84,205","80,335","28,633","28,376",2021-02-03 09:49:34
2021-01,경의선,180,수색,"41,769","43,098","9,320","9,367",2021-02-03 09:49:34
2021-01,경의선,181,화전,"24,710","23,127","5,954","5,687",2021-02-03 09:49:34
2021-01,경의선,182,강매,"52,984","46,521","11,509","11,171",2021-02-03 09:49:34
2021-01,경의선,183,행신,"138,467","139,892","20,661","21,639",2021-02-03 09:49:34
2021-01,경의선,184,능곡,"59,370","54,458","18,674","18,026",2021-02-03 09:49:34
2021-01,경의선,185,곡산,"7,990","8,394","2,912","2,747",2021-02-03 09:49:34
2021-01,경의선,186,백마,"117,816","114,197","19,576","19,885",2021-02-03 09:49:34
2021-01,경의선,187,풍산,"93,414","88,706","19,783","19,595",2021-02-03 09:49:34
2021-01,경의선,188,일산,"150,844","153,116","36,600","36,299",2021-02-03 09:49:34
2021-01,경의선,189,탄현,"133,689","131,963","23,025","22,750",2021-02-03 09:49:34
2021-01,경의선,190,야당,"108,557","105,285","20,114","19,608",2021-02-03 09:49:34
2021-01,경의선,191,운정,"105,384","100,286","21,417","21,471",2021-02-03 09:49:34
2021-01,경의선,192,금릉,"77,236","74,574","16,509","16,330",2021-02-03 09:49:34
2021-01,경의선,193,금촌,"105,686","105,992","27,515","28,035",2021-02-03 09:49:34
2021-01,경의선,194,월롱,"37,824","34,508","4,949","5,624",2021-02-03 09:49:34
2021-01,경의선,195,파주,"15,807","11,835","4,437","3,656",2021-02-03 09:49:34
2021-01,경의선,196,문산,"78,341","77,847","25,943","25,915",2021-02-03 09:49:34
2021-01,경의선,197,임진강,229,113,174,184,2021-02-03 09:49:34
2021-01,경의선,198,서울역,"66,431","79,917","8,452","11,037",2021-02-03 09:49:34
2021-01,경의선,199,공덕,"66,392","54,965","9,072","8,488",2021-02-03 09:49:34
2021-01,경의선,200,홍대입구,"30,853","33,835","3,445","3,539",2021-02-03 09:49:34
2021-01,경의선,201,디지털미디어시티,"43,974","42,299","7,348","7,075",2021-02-03 09:49:34
2021-01,경의선,203,계양,2,0,1,0,2021-02-03 09:49:34
2021-01,경의선,204,검암,1,0,0,0,2021-02-03 09:49:34
2021-01,경춘선,205,신내,"22,024","22,610","9,172","8,900",2021-02-03 09:49:34
2021-01,경춘선,206,갈매,"50,811","44,403","12,906","12,175",2021-02-03 09:49:34
2021-01,경춘선,207,별내,"45,048","44,786","12,773","12,491",2021-02-03 09:49:34
2021-01,경춘선,208,퇴계원,"59,840","56,385","18,175","17,344",2021-02-03 09:49:34
2021-01,경춘선,209,사릉,"58,030","56,689","13,286","13,498",2021-02-03 09:49:34
2021-01,경춘선,210,금곡,"22,207","20,755","10,072","9,680",2021-02-03 09:49:34
2021-01,경춘선,211,평내호평,"100,141","98,705","27,628","26,663",2021-02-03 09:49:34
2021-01,경춘선,212,천마산,"23,158","21,481","11,766","11,918",2021-02-03 09:49:34
2021-01,경춘선,213,마석,"59,398","58,862","20,782","20,807",2021-02-03 09:49:34
2021-01,경춘선,214,대성리,"6,392","5,378","3,677","3,189",2021-02-03 09:49:34
2021-01,경춘선,215,청평,"19,585","19,345","9,066","9,010",2021-02-03 09:49:34
2021-01,경춘선,216,상천,"3,190","2,626","2,278","2,220",2021-02-03 09:49:34
2021-01,경춘선,217,가평,"21,780","21,619","7,693","7,480",2021-02-03 09:49:34
2021-01,경춘선,218,굴봉산,"1,116","1,222",978,"1,051",2021-02-03 09:49:34
2021-01,경춘선,219,백양리,"3,439","3,141",583,584,2021-02-03 09:49:34
2021-01,경춘선,220,강촌,"5,129","5,074","2,583","2,619",2021-02-03 09:49:34
2021-01,경춘선,221,김유정,"3,517","3,478","1,952","1,944",2021-02-03 09:49:34
2021-01,경춘선,222,남춘천,"35,210","36,412","13,632","13,658",2021-02-03 09:49:34
2021-01,경춘선,223,춘천,"16,438","15,503","8,444","7,760",2021-02-03 09:49:34
2021-01,수인선,340,고색,"70,424","69,720","8,722","8,101",2021-02-03 09:49:34
2021-01,수인선,341,오목천,"43,067","40,324","6,376","6,729",2021-02-03 09:49:34
2021-01,수인선,342,어천,"11,073","11,182","2,158","2,350",2021-02-03 09:49:34
2021-01,수인선,343,야목,"3,675","3,168",867,752,2021-02-03 09:49:34
2021-01,수인선,344,사리,"69,692","63,428","10,026","9,441",2021-02-03 09:49:34
2021-01,수인선,345,달월,"1,443","1,079",668,378,2021-02-03 09:49:34
2021-01,수인선,346,월곶,"46,905","44,226","9,059","9,095",2021-02-03 09:49:34
2021-01,수인선,347,소래포구,"81,320","78,919","33,883","32,597",2021-02-03 09:49:34
2021-01,수인선,348,인천논현,"105,208","109,586","20,543","21,019",2021-02-03 09:49:34
2021-01,수인선,349,호구포,"73,102","75,240","13,386","13,583",2021-02-03 09:49:34
2021-01,수인선,350,남동인더스파크,"49,595","55,323","5,679","5,466",2021-02-03 09:49:34
2021-01,수인선,351,원인재,"79,756","82,836","19,950","20,137",2021-02-03 09:49:34
2021-01,수인선,352,연수,"81,039","79,804","17,759","17,720",2021-02-03 09:49:34
2021-01,수인선,353,송도,"42,036","38,557","13,844","13,645",2021-02-03 09:49:34
2021-01,수인선,354,인하대,"104,351","97,949","17,803","17,353",2021-02-03 09:49:34
2021-01,수인선,355,숭의,"66,616","62,636","19,583","18,917",2021-02-03 09:49:34
2021-01,수인선,356,신포,"27,801","28,076","8,918","9,002",2021-02-03 09:49:34
2021-01,수인선,357,인천,"13,131","26,434","9,788","11,478",2021-02-03 09:49:34
2021-01,경강선,238,판교,"89,203","85,345","8,514","7,712",2021-02-03 09:49:34
2021-01,경강선,239,이매,"19,009","15,643","3,749","3,421",2021-02-03 09:49:34
2021-01,경강선,240,삼동,"44,717","43,156","7,737","7,917",2021-02-03 09:49:34
2021-01,경강선,241,경기광주,"134,974","133,007","17,774","18,374",2021-02-03 09:49:34
2021-01,경강선,242,초월,"57,639","56,401","8,431","8,534",2021-02-03 09:49:34
2021-01,경강선,243,곤지암,"37,774","37,032","7,140","7,064",2021-02-03 09:49:34
2021-01,경강선,244,신둔도예촌,"21,369","19,989","3,985","3,923",2021-02-03 09:49:34
2021-01,경강선,245,이천,"46,971","49,477","7,473","7,978",2021-02-03 09:49:34
2021-01,경강선,246,부발,"36,851","36,123","3,974","3,952",2021-02-03 09:49:34
2021-01,경강선,247,세종대왕릉,"4,081","3,858","1,788","1,781",2021-02-03 09:49:34
2021-01,경강선,248,여주,"30,705","30,696","7,969","7,680",2021-02-03 09:49:34
2021-01,5호선,385,방화,"114,037","110,441","32,899","31,777",2021-02-03 09:49:34
2021-01,5호선,386,개화산,"88,347","85,698","24,150","24,477",2021-02-03 09:49:34
2021-01,5호선,387,김포공항,"140,215","131,857","21,325","22,531",2021-02-03 09:49:34
2021-01,5호선,388,송정,"113,388","107,392","32,613","32,068",2021-02-03 09:49:34
2021-01,5호선,389,마곡,"176,085","170,956","25,154","24,283",2021-02-03 09:49:34
2021-01,5호선,390,발산,"341,661","349,948","55,717","53,637",2021-02-03 09:49:34
2021-01,5호선,391,우장산,"237,419","239,629","57,827","60,470",2021-02-03 09:49:34
2021-01,5호선,392,화곡,"525,368","498,453","95,028","90,882",2021-02-03 09:49:34
2021-01,5호선,393,까치산,"539,543","526,926","104,533","107,405",2021-02-03 09:49:34
2021-01,5호선,394,신정(은행정),"264,407","210,336","41,804","40,547",2021-02-03 09:49:34
2021-01,5호선,395,목동,"311,926","348,010","55,712","56,959",2021-02-03 09:49:34
2021-01,5호선,396,오목교(목동운동장앞),"436,033","467,722","56,198","55,611",2021-02-03 09:49:34
2021-01,5호선,397,양평,"141,678","143,462","20,055","19,810",2021-02-03 09:49:34
2021-01,5호선,398,영등포구청,"71,358","72,067","14,522","14,099",2021-02-03 09:49:34
2021-01,5호선,399,영등포시장,"168,314","175,165","41,421","41,229",2021-02-03 09:49:34
2021-01,5호선,400,신길,"79,624","90,551","7,729","8,148",2021-02-03 09:49:34
2021-01,5호선,401,여의도,"515,140","529,061","35,383","31,875",2021-02-03 09:49:34
2021-01,5호선,402,여의나루,"146,046","148,122","16,452","15,979",2021-02-03 09:49:34
2021-01,5호선,403,마포,"262,192","270,336","40,627","39,788",2021-02-03 09:49:34
2021-01,5호선,404,공덕,"267,762","287,412","28,648","27,078",2021-02-03 09:49:34
2021-01,5호선,405,애오개,"121,079","125,089","23,968","23,389",2021-02-03 09:49:34
2021-01,5호선,406,충정로(경기대입구),"89,154","90,902","9,417","9,558",2021-02-03 09:49:34
2021-01,5호선,407,서대문,"339,273","347,244","43,771","41,325",2021-02-03 09:49:34
2021-01,5호선,408,광화문(세종문화회관),"576,348","586,150","44,704","42,378",2021-02-03 09:49:34
2021-01,5호선,409,종로3가,"176,742","167,305","54,686","59,009",2021-02-03 09:49:34
2021-01,5호선,410,을지로4가,"91,811","94,528","30,464","28,637",2021-02-03 09:49:34
2021-01,5호선,411,동대문역사문화공원(DDP),"55,446","62,793","6,121","6,631",2021-02-03 09:49:34
2021-01,5호선,412,청구,"70,218","67,963","17,655","13,669",2021-02-03 09:49:34
2021-01,5호선,413,신금호,"111,467","114,066","24,597","27,697",2021-02-03 09:49:34
2021-01,5호선,414,행당,"146,147","133,681","33,843","30,684",2021-02-03 09:49:34
2021-01,5호선,415,왕십리(성동구청),"84,381","93,923","15,684","14,874",2021-02-03 09:49:34
2021-01,5호선,416,마장,"97,742","92,733","27,459","27,491",2021-02-03 09:49:34
2021-01,5호선,417,답십리,"296,920","275,668","53,523","51,838",2021-02-03 09:49:34
2021-01,5호선,418,장한평,"342,090","340,891","58,452","59,224",2021-02-03 09:49:34
2021-01,5호선,419,군자(능동),"218,350","241,773","27,137","27,888",2021-02-03 09:49:34
2021-01,5호선,420,아차산(어린이대공원후문),"256,049","259,194","65,914","65,230",2021-02-03 09:49:34
2021-01,5호선,421,광나루(장신대),"237,188","214,323","44,820","43,424",2021-02-03 09:49:34
2021-01,5호선,422,천호(풍납토성),"336,093","327,279","81,891","83,284",2021-02-03 09:49:34
2021-01,5호선,423,강동,"364,555","345,375","67,799","63,979",2021-02-03 09:49:34
2021-01,5호선,424,길동,"133,529","141,275","45,032","46,546",2021-02-03 09:49:34
2021-01,5호선,425,굽은다리(강동구민회관앞),"166,987","160,792","43,262","40,955",2021-02-03 09:49:34
2021-01,5호선,426,명일,"143,029","148,969","39,674","41,174",2021-02-03 09:49:34
2021-01,5호선,427,고덕,"156,011","155,007","35,709","35,132",2021-02-03 09:49:34
2021-01,5호선,428,상일동,"299,814","276,404","59,574","57,231",2021-02-03 09:49:34
2021-01,5호선,429,둔촌동,"149,975","149,621","39,653","40,867",2021-02-03 09:49:34
2021-01,5호선,430,올림픽공원(한국체대),"68,838","59,283","20,378","18,428",2021-02-03 09:49:34
2021-01,5호선,431,방이,"128,675","131,062","28,939","29,100",2021-02-03 09:49:34
2021-01,5호선,432,오금,"68,333","66,622","12,591","11,799",2021-02-03 09:49:34
2021-01,5호선,433,개롱,"109,514","116,479","29,366","30,484",2021-02-03 09:49:34
2021-01,5호선,434,거여,"136,236","130,408","36,124","35,945",2021-02-03 09:49:34
2021-01,5호선,435,마천,"97,548","97,888","36,664","38,586",2021-02-03 09:49:34
2021-01,5호선,436,미사,"272,929","274,564","36,336","36,539",2021-02-03 09:49:34
2021-01,5호선,437,하남풍산,"95,059","96,665","17,077","18,528",2021-02-03 09:49:34
2021-01,6호선,438,응암,"311,058","315,122","77,700","77,996",2021-02-03 09:49:34
2021-01,6호선,439,역촌,"61,950","76,727","21,152","21,211",2021-02-03 09:49:34
2021-01,6호선,440,불광,"71,735","74,711","24,615","21,749",2021-02-03 09:49:34
2021-01,6호선,441,독바위,"49,167","51,623","13,087","16,369",2021-02-03 09:49:34
2021-01,6호선,442,연신내,11,0,0,0,2021-02-03 09:49:34
2021-01,6호선,443,구산,"126,763","91,744","32,348","34,590",2021-02-03 09:49:34
2021-01,6호선,444,새절(신사),"223,298","209,813","56,637","57,451",2021-02-03 09:49:34
2021-01,6호선,445,증산(명지대앞),"176,893","177,405","48,630","49,669",2021-02-03 09:49:34
2021-01,6호선,446,디지털미디어시티,"253,692","281,319","36,488","37,529",2021-02-03 09:49:34
2021-01,6호선,447,월드컵경기장(성산),"64,879","69,570","36,841","34,165",2021-02-03 09:49:34
2021-01,6호선,448,마포구청,"257,278","235,922","48,891","44,608",2021-02-03 09:49:34
2021-01,6호선,449,망원,"255,418","281,158","56,906","59,297",2021-02-03 09:49:34
2021-01,6호선,450,합정,"253,703","244,283","25,175","23,399",2021-02-03 09:49:34
2021-01,6호선,451,상수,"154,598","170,320","13,801","13,957",2021-02-03 09:49:34
2021-01,6호선,452,광흥창(서강),"156,155","151,924","28,809","28,305",2021-02-03 09:49:34
2021-01,6호선,453,대흥(서강대앞),"138,758","143,863","28,584","28,380",2021-02-03 09:49:34
2021-01,6호선,454,공덕,"336,330","327,687","49,554","46,706",2021-02-03 09:49:34
2021-01,6호선,455,효창공원앞,"124,417","113,385","25,591","24,518",2021-02-03 09:49:34
2021-01,6호선,456,삼각지,"108,238","95,449","10,622","8,875",2021-02-03 09:49:34
2021-01,6호선,457,녹사평(용산구청),"89,779","88,430","12,516","12,062",2021-02-03 09:49:34
2021-01,6호선,458,이태원,"180,055","182,242","21,246","22,008",2021-02-03 09:49:34
2021-01,6호선,459,한강진,"138,649","157,211","10,878","10,397",2021-02-03 09:49:34
2021-01,6호선,460,버티고개,"40,126","37,702","9,921","11,336",2021-02-03 09:49:34
2021-01,6호선,461,약수,"61,730","62,933","14,395","14,119",2021-02-03 09:49:34
2021-01,6호선,462,청구,"70,567","71,832","13,136","15,983",2021-02-03 09:49:34
2021-01,6호선,463,신당,"141,909","152,262","23,669","22,408",2021-02-03 09:49:34
2021-01,6호선,464,동묘앞,"134,610","139,671","50,580","45,160",2021-02-03 09:49:34
2021-01,6호선,465,창신,"63,558","51,413","12,939","12,254",2021-02-03 09:49:34
2021-01,6호선,466,보문,"137,482","128,691","19,928","19,302",2021-02-03 09:49:34
2021-01,6호선,467,안암(고대병원앞),"180,565","180,552","24,455","22,928",2021-02-03 09:49:34
2021-01,6호선,468,고려대(종암),"143,427","139,063","22,351","22,852",2021-02-03 09:49:34
2021-01,6호선,469,월곡(동덕여대),"195,469","196,030","47,999","48,693",2021-02-03 09:49:34
2021-01,6호선,470,상월곡(한국과학기술연구원),"107,611","95,147","27,542","27,046",2021-02-03 09:49:34
2021-01,6호선,471,돌곶이,"152,104","143,415","36,031","35,698",2021-02-03 09:49:34
2021-01,6호선,472,석계,"220,480","226,460","51,325","52,054",2021-02-03 09:49:34
2021-01,6호선,473,태릉입구,"95,637","104,478","19,499","20,430",2021-02-03 09:49:34
2021-01,6호선,474,화랑대(서울여대입구),"205,149","162,623","29,247","25,856",2021-02-03 09:49:34
2021-01,6호선,475,봉화산(서울의료원),"160,570","150,989","31,787","31,218",2021-02-03 09:49:34
2021-01,6호선,476,신내,10,0,0,0,2021-02-03 09:49:34
2021-01,7호선,477,장암,"43,704","16,766","5,488","3,456",2021-02-03 09:49:34
2021-01,7호선,478,도봉산,"166,917","196,153","29,715","44,503",2021-02-03 09:49:34
2021-01,7호선,479,수락산,"225,023","226,117","60,080","61,570",2021-02-03 09:49:34
2021-01,7호선,480,마들,"217,477","209,562","56,915","57,065",2021-02-03 09:49:34
2021-01,7호선,481,노원,"359,196","375,223","80,368","80,312",2021-02-03 09:49:34
2021-01,7호선,482,중계,"246,041","223,287","57,851","55,490",2021-02-03 09:49:34
2021-01,7호선,483,하계,"315,182","302,537","66,200","63,762",2021-02-03 09:49:34
2021-01,7호선,484,공릉(서울과학기술대),"208,039","209,851","46,225","46,596",2021-02-03 09:49:34
2021-01,7호선,485,태릉입구,"150,312","139,114","28,259","25,994",2021-02-03 09:49:34
2021-01,7호선,486,먹골,"185,713","183,522","42,493","43,716",2021-02-03 09:49:34
2021-01,7호선,487,중화,"205,586","202,862","42,993","43,569",2021-02-03 09:49:34
2021-01,7호선,488,상봉(시외버스터미널),"338,043","319,289","48,418","46,608",2021-02-03 09:49:34
2021-01,7호선,489,면목,"282,440","280,032","63,585","66,038",2021-02-03 09:49:34
2021-01,7호선,490,사가정,"306,455","309,246","66,478","66,571",2021-02-03 09:49:34
2021-01,7호선,491,용마산(용마폭포공원),"111,869","107,492","23,788","25,679",2021-02-03 09:49:34
2021-01,7호선,492,중곡,"181,168","172,872","39,756","40,784",2021-02-03 09:49:34
2021-01,7호선,493,군자(능동),"279,204","222,041","47,834","42,248",2021-02-03 09:49:34
2021-01,7호선,494,어린이대공원(세종대),"238,068","233,164","24,551","24,754",2021-02-03 09:49:34
2021-01,7호선,495,건대입구,"243,929","249,280","36,229","32,265",2021-02-03 09:49:34
2021-01,7호선,496,뚝섬유원지,"133,189","130,534","26,494","26,890",2021-02-03 09:49:34
2021-01,7호선,497,청담,"376,836","414,247","48,786","45,991",2021-02-03 09:49:34
2021-01,7호선,498,강남구청,"319,785","347,753","32,418","31,989",2021-02-03 09:49:34
2021-01,7호선,499,학동,"477,963","503,302","42,104","39,111",2021-02-03 09:49:34
2021-01,7호선,500,논현,"405,865","436,522","36,548","35,789",2021-02-03 09:49:34
2021-01,7호선,501,반포,"105,268","101,448","21,547","20,230",2021-02-03 09:49:34
2021-01,7호선,502,고속터미널,"304,228","250,677","44,990","39,647",2021-02-03 09:49:34
2021-01,7호선,503,내방,"274,162","277,739","44,731","43,734",2021-02-03 09:49:34
2021-01,7호선,504,이수,"295,909","286,670","48,938","46,533",2021-02-03 09:49:34
2021-01,7호선,505,남성,"206,086","194,485","44,790","45,049",2021-02-03 09:49:34
2021-01,7호선,506,숭실대입구(살피재),"218,489","225,335","37,502","38,845",2021-02-03 09:49:34
2021-01,7호선,507,상도,"190,602","187,613","36,913","35,779",2021-02-03 09:49:34
2021-01,7호선,508,장승배기,"173,192","169,327","45,197","45,603",2021-02-03 09:49:34
2021-01,7호선,509,신대방삼거리,"310,936","301,649","58,108","60,134",2021-02-03 09:49:34
2021-01,7호선,510,보라매,"182,505","182,848","28,665","28,054",2021-02-03 09:49:34
2021-01,7호선,511,신풍,"216,793","207,017","44,343","45,185",2021-02-03 09:49:34
2021-01,7호선,512,대림(구로구청),"161,006","161,536","23,652","23,020",2021-02-03 09:49:34
2021-01,7호선,513,남구로,"322,360","340,190","42,789","42,383",2021-02-03 09:49:34
2021-01,7호선,514,가산디지털단지,"942,497","928,388","65,865","62,265",2021-02-03 09:49:34
2021-01,7호선,515,철산,"410,548","420,754","63,534","63,148",2021-02-03 09:49:34
2021-01,7호선,516,광명사거리,"410,029","405,549","102,651","105,784",2021-02-03 09:49:34
2021-01,7호선,517,천왕,"204,300","194,218","37,182","37,214",2021-02-03 09:49:34
2021-01,7호선,518,온수(성공회대입구),"199,834","186,476","26,993","25,932",2021-02-03 09:49:34
2021-01,7호선,519,까치울,"144,473","141,308","17,382","17,618",2021-02-03 09:49:34
2021-01,7호선,520,부천종합운동장,"85,815","74,595","12,596","12,565",2021-02-03 09:49:34
2021-01,7호선,521,춘의,"195,130","192,278","22,712","21,852",2021-02-03 09:49:34
2021-01,7호선,522,신중동,"279,875","275,977","34,924","34,251",2021-02-03 09:49:34
2021-01,7호선,523,부천시청,"242,627","241,101","35,684","34,098",2021-02-03 09:49:34
2021-01,7호선,524,상동,"243,742","251,746","32,327","32,141",2021-02-03 09:49:34
2021-01,7호선,525,삼산체육관,"87,305","79,474","14,862","14,171",2021-02-03 09:49:34
2021-01,7호선,526,굴포천,"170,315","181,373","24,169","24,790",2021-02-03 09:49:34
2021-01,7호선,527,부평구청,"232,686","195,047","20,584","18,286",2021-02-03 09:49:34
2021-01,8호선,528,암사,"352,362","314,948","69,654","69,550",2021-02-03 09:49:34
2021-01,8호선,529,천호(풍납토성),"300,789","348,530","54,540","52,635",2021-02-03 09:49:34
2021-01,8호선,530,강동구청,"195,288","205,764","42,042","42,749",2021-02-03 09:49:34
2021-01,8호선,531,몽촌토성(평화의문),"107,301","112,142","20,556","19,328",2021-02-03 09:49:34
2021-01,8호선,532,잠실(송파구청),"281,607","312,499","45,103","42,252",2021-02-03 09:49:34
2021-01,8호선,533,석촌,"142,037","165,472","32,840","34,798",2021-02-03 09:49:34
2021-01,8호선,534,송파,"140,087","143,415","35,796","35,802",2021-02-03 09:49:34
2021-01,8호선,535,가락시장,"135,385","152,889","46,120","47,176",2021-02-03 09:49:34
2021-01,8호선,536,문정,"438,382","455,429","39,524","39,332",2021-02-03 09:49:34
2021-01,8호선,537,장지,"348,486","345,145","50,556","48,866",2021-02-03 09:49:34
2021-01,8호선,538,복정,"199,208","175,591","29,283","27,001",2021-02-03 09:49:34
2021-01,8호선,539,산성,"128,850","127,728","27,057","29,915",2021-02-03 09:49:34
2021-01,8호선,540,남한산성입구(성남법원.검찰청),"250,372","231,084","56,687","55,364",2021-02-03 09:49:34
2021-01,8호선,541,단대오거리,"195,947","189,938","49,430","47,955",2021-02-03 09:49:34
2021-01,8호선,542,신흥,"82,974","89,068","28,558","29,561",2021-02-03 09:49:34
2021-01,8호선,543,수진,"93,546","84,447","29,918","29,866",2021-02-03 09:49:34
2021-01,8호선,544,모란,"70,889","52,508","35,069","25,907",2021-02-03 09:49:34
2021-01,9호선,602,개화,"44,028","31,358","7,756","6,329",2021-02-03 09:49:34
2021-01,9호선,603,김포공항,"151,132","207,924","12,295","14,149",2021-02-03 09:49:34
2021-01,9호선,604,공항시장,"46,940","52,669","16,261","17,895",2021-02-03 09:49:34
2021-01,9호선,605,신방화,"115,811","114,568","29,613","29,391",2021-02-03 09:49:34
2021-01,9호선,606,마곡나루(서울식물원),"213,153","214,360","18,843","18,170",2021-02-03 09:49:34
2021-01,9호선,607,양천향교,"168,596","175,871","29,933","30,037",2021-02-03 09:49:34
2021-01,9호선,608,가양,"352,771","349,380","85,467","83,863",2021-02-03 09:49:34
2021-01,9호선,609,증미,"130,263","131,984","29,560","30,279",2021-02-03 09:49:34
2021-01,9호선,610,등촌,"184,409","185,707","52,880","53,903",2021-02-03 09:49:34
2021-01,9호선,611,염창,"320,799","320,365","46,114","46,371",2021-02-03 09:49:34
2021-01,9호선,612,신목동,"68,366","62,472","12,805","11,809",2021-02-03 09:49:34
2021-01,9호선,613,선유도,"144,311","140,888","17,237","16,396",2021-02-03 09:49:34
2021-01,9호선,614,당산,"340,371","341,144","43,122","39,077",2021-02-03 09:49:34
2021-01,9호선,615,국회의사당,"289,484","287,172","29,278","25,242",2021-02-03 09:49:34
2021-01,9호선,616,여의도,"456,918","435,503","28,847","26,631",2021-02-03 09:49:34
2021-01,9호선,617,샛강,"103,045","107,517","16,091","15,878",2021-02-03 09:49:34
2021-01,9호선,618,노량진,"466,631","460,776","60,391","61,255",2021-02-03 09:49:34
2021-01,9호선,619,노들,"75,532","66,441","20,460","19,238",2021-02-03 09:49:34
2021-01,9호선,620,흑석(중앙대입구),"131,289","139,565","34,145","34,638",2021-02-03 09:49:34
2021-01,9호선,621,동작(현충원),"30,887","23,318","6,262","5,196",2021-02-03 09:49:34
2021-01,9호선,622,구반포,"45,841","48,031","14,135","14,410",2021-02-03 09:49:34
2021-01,9호선,623,신반포,"54,050","53,552","12,037","11,712",2021-02-03 09:49:34
2021-01,9호선,624,고속터미널,"218,189","280,998","34,930","38,713",2021-02-03 09:49:34
2021-01,9호선,625,사평,"55,923","56,242","11,662","11,640",2021-02-03 09:49:34
2021-01,9호선,626,신논현,"635,716","621,983","41,083","37,992",2021-02-03 09:49:34
2021-01,공항철도 1호선,640,서울역,"127,448","114,809","20,503","18,819",2021-02-03 09:49:34
2021-01,공항철도 1호선,641,공덕,"41,422","55,334","4,689","5,688",2021-02-03 09:49:34
2021-01,공항철도 1호선,642,홍대입구,"169,736","169,872","11,663","11,244",2021-02-03 09:49:34
2021-01,공항철도 1호선,643,디지털미디어시티,"262,910","233,827","15,303","14,382",2021-02-03 09:49:34
2021-01,공항철도 1호선,644,마곡나루(서울식물원),"139,676","133,259","7,376","7,104",2021-02-03 09:49:34
2021-01,공항철도 1호선,645,김포공항,"208,250","122,793","13,053","9,137",2021-02-03 09:49:34
2021-01,공항철도 1호선,646,계양,"172,373","164,071","16,217","15,166",2021-02-03 09:49:34
2021-01,공항철도 1호선,647,검암,"138,366","134,130","11,043","11,159",2021-02-03 09:49:34
2021-01,공항철도 1호선,648,청라국제도시,"129,360","121,701","7,321","7,000",2021-02-03 09:49:34
2021-01,공항철도 1호선,649,운서,"121,758","123,621","16,089","15,746",2021-02-03 09:49:34
2021-01,공항철도 1호선,650,공항화물청사,"46,838","51,535","7,022","6,778",2021-02-03 09:49:34
2021-01,공항철도 1호선,651,인천공항1터미널,"79,383","84,170","9,659","9,684",2021-02-03 09:49:34
2021-01,공항철도 1호선,652,인천공항2터미널,"46,985","44,865","5,184","4,971",2021-02-03 09:49:34
2021-01,공항철도 1호선,653,영종,"50,143","50,839","11,665","11,887",2021-02-03 09:49:34
2021-01,9호선2~3단계,627,언주,"202,476","200,854","18,483","18,225",2021-02-03 09:49:34
2021-01,9호선2~3단계,628,선정릉,"180,044","193,940","14,729","15,091",2021-02-03 09:49:34
2021-01,9호선2~3단계,629,삼성중앙,"129,188","132,770","14,731","14,470",2021-02-03 09:49:34
2021-01,9호선2~3단계,630,봉은사,"298,394","296,854","26,217","24,874",2021-02-03 09:49:34
2021-01,9호선2~3단계,631,종합운동장,"80,629","78,335","10,889","10,036",2021-02-03 09:49:34
2021-01,9호선2~3단계,632,삼전,"128,809","127,247","23,396","22,850",2021-02-03 09:49:34
2021-01,9호선2~3단계,633,석촌고분,"111,529","113,388","21,667","21,763",2021-02-03 09:49:34
2021-01,9호선2~3단계,634,석촌,"149,225","132,588","20,341","17,494",2021-02-03 09:49:34
2021-01,9호선2~3단계,635,송파나루,"87,229","92,959","16,613","17,027",2021-02-03 09:49:34
2021-01,9호선2~3단계,636,한성백제,"44,209","40,447","9,785","8,986",2021-02-03 09:49:34
2021-01,9호선2~3단계,637,올림픽공원(한국체대),"100,899","99,465","13,571","13,108",2021-02-03 09:49:34
2021-01,9호선2~3단계,638,둔촌오륜,"18,104","16,378","3,986","3,999",2021-02-03 09:49:34
2021-01,9호선2~3단계,639,중앙보훈병원,"143,903","122,932","52,320","51,571",2021-02-03 09:49:34
2021-01,우이신설선,697,북한산우이,"35,495","31,526","21,834","23,009",2021-02-03 09:49:34
2021-01,우이신설선,698,솔밭공원,"32,680","31,496","18,996","20,067",2021-02-03 09:49:34
2021-01,우이신설선,699,4.19민주묘지,"37,020","36,328","23,148","21,198",2021-02-03 09:49:34
2021-01,우이신설선,700,가오리,"56,419","56,164","30,585","31,671",2021-02-03 09:49:34
2021-01,우이신설선,701,화계,"45,570","42,512","26,861","27,052",2021-02-03 09:49:34
2021-01,우이신설선,702,삼양,"26,209","27,818","19,124","21,054",2021-02-03 09:49:34
2021-01,우이신설선,703,삼양사거리,"28,585","29,788","23,880","24,702",2021-02-03 09:49:34
2021-01,우이신설선,704,솔샘,"96,949","90,026","24,721","25,774",2021-02-03 09:49:34
2021-01,우이신설선,705,북한산보국문,"99,921","97,636","28,310","29,192",2021-02-03 09:49:34
2021-01,우이신설선,706,정릉,"67,390","63,786","30,469","29,394",2021-02-03 09:49:34
2021-01,우이신설선,707,성신여대입구(돈암),"50,177","58,328","19,635","18,769",2021-02-03 09:49:34
2021-01,우이신설선,708,보문,"22,999","23,078","10,301","10,532",2021-02-03 09:49:34
2021-01,우이신설선,709,신설동,"30,026","29,762","17,589","15,356",2021-02-03 09:49:34
